uniprot_id,protein_length,molecular_weight,hydrophobic_ratio,charged_ratio,aromatic_ratio,polar_ratio,disorder_prone_ratio,gc_content,has_signal_peptide,transmembrane_domains,domain_count,repeat_count,coiled_coil_count,enzyme_count,has_enzyme_activity,protein_existence_evidence,has_experimental_evidence,go_molecular_function,go_biological_process,go_cellular_component,go_total_count,interpro_domains,pfam_domains,smart_domains,supfam_domains,total_domain_databases,subcellular_location_count,is_membrane_protein,is_nuclear_protein,is_cytoplasmic_protein,is_mitochondrial_protein,is_secreted_protein,keyword_count,has_essential_keywords,has_metabolic_keywords,has_structural_keywords,has_regulatory_keywords,gene_name,species,taxonomy_id,larval_lethal,target_encoded
Q09476,413,46453,0.31234866828087166,0.2736077481840194,0.08958837772397095,0.28087167070217917,0.5181598062953995,0.13317191283292978,False,0,0,0,0,0,False,0,True,0,0,0,0,0,0,0,0,0,1,True,False,True,False,False,11,False,False,False,False,WBGene00016197,C_elegans,6239,yes,1
P45442,402,44603,0.4154228855721393,0.19900497512437812,0.09701492537313433,0.27860696517412936,0.4577114427860697,0.10696517412935323,False,0,0,0,0,0,False,0,True,0,0,0,0,0,0,0,0,0,1,True,False,False,False,False,13,False,False,False,False,WBGene00002246,C_elegans,6239,yes,1
G5EFP4,680,75605,0.3764705882352941,0.25735294117647056,0.045588235294117645,0.3058823529411765,0.41911764705882354,0.060294117647058824,False,0,0,0,0,0,False,0,True,0,0,0,0,0,0,0,0,0,1,True,False,False,False,False,7,False,False,False,False,WBGene00008094,C_elegans,6239,yes,1
G5ECJ4,312,33459,0.47115384615384615,0.1794871794871795,0.0641025641025641,0.28525641025641024,0.5673076923076923,0.0641025641025641,False,0,0,0,0,0,False,0,True,0,0,0,0,0,0,0,0,0,1,False,True,False,False,False,5,False,False,False,False,WBGene00008094,C_elegans,6239,yes,1
G5EE16,996,112267,0.42570281124497994,0.2620481927710843,0.0783132530120482,0.26706827309236947,0.4367469879518072,0.045180722891566265,False,0,0,0,0,0,False,0,True,0,0,0,0,0,0,0,0,0,0,False,False,False,False,False,2,False,False,False,False,WBGene00008094,C_elegans,6239,yes,1
Q93373,773,85297,0.4346701164294955,0.18758085381630013,0.05821474773609314,0.3208279430789133,0.4476067270375162,0.056921086675291076,False,0,0,0,0,0,False,0,True,0,0,0,0,0,0,0,0,0,1,True,False,False,False,False,8,False,False,False,False,WBGene00008094,C_elegans,6239,yes,1
G5EFP4,680,75605,0.3764705882352941,0.25735294117647056,0.045588235294117645,0.3058823529411765,0.41911764705882354,0.060294117647058824,False,0,0,0,0,0,False,0,True,0,0,0,0,0,0,0,0,0,1,True,False,False,False,False,7,False,False,False,False,WBGene00002282,C_elegans,6239,yes,1
G5ECJ4,312,33459,0.47115384615384615,0.1794871794871795,0.0641025641025641,0.28525641025641024,0.5673076923076923,0.0641025641025641,False,0,0,0,0,0,False,0,True,0,0,0,0,0,0,0,0,0,1,False,True,False,False,False,5,False,False,False,False,WBGene00002282,C_elegans,6239,yes,1
G5EE16,996,112267,0.42570281124497994,0.2620481927710843,0.0783132530120482,0.26706827309236947,0.4367469879518072,0.045180722891566265,False,0,0,0,0,0,False,0,True,0,0,0,0,0,0,0,0,0,0,False,False,False,False,False,2,False,False,False,False,WBGene00002282,C_elegans,6239,yes,1
Q93373,773,85297,0.4346701164294955,0.18758085381630013,0.05821474773609314,0.3208279430789133,0.4476067270375162,0.056921086675291076,False,0,0,0,0,0,False,0,True,0,0,0,0,0,0,0,0,0,1,True,False,False,False,False,8,False,False,False,False,WBGene00002282,C_elegans,6239,yes,1
Q23175,439,49637,0.38724373576309795,0.29157175398633256,0.07061503416856492,0.27790432801822323,0.5148063781321185,0.04328018223234624,False,0,0,0,0,0,False,0,True,0,0,0,0,0,0,0,0,0,1,False,True,False,False,False,7,False,False,False,False,WBGene00000453,C_elegans,6239,yes,1
Q10651,686,79435,0.33819241982507287,0.39067055393586003,0.08163265306122448,0.2259475218658892,0.49854227405247814,0.04518950437317784,False,0,0,0,0,0,False,0,True,0,0,0,0,0,0,0,0,0,2,True,False,False,False,False,14,False,False,False,False,WBGene00000149,C_elegans,6239,yes,1
P39055,830,93407,0.42289156626506025,0.28313253012048195,0.06506024096385542,0.21686746987951808,0.5120481927710844,0.07710843373493977,False,0,0,0,0,1,True,0,True,0,0,0,0,0,0,0,0,0,3,True,False,True,False,False,13,False,False,False,False,WBGene00001130,C_elegans,6239,yes,1
O16369,157,18634,0.42038216560509556,0.29936305732484075,0.1337579617834395,0.21019108280254778,0.4012738853503185,0.07006369426751592,False,0,0,0,0,0,False,0,True,0,0,0,0,0,0,0,0,0,3,True,False,True,False,False,8,False,False,False,False,WBGene00000159,C_elegans,6239,yes,1
Q8WQB3,829,91639,0.44632086851628466,0.23522316043425814,0.061519903498190594,0.2436670687575392,0.4499396863691194,0.07478890229191798,False,0,0,0,0,0,False,0,True,0,0,0,0,0,0,0,0,0,2,True,False,True,False,False,7,False,False,False,False,WBGene00000158,C_elegans,6239,yes,1
Q9NEL2,2395,268727,0.38705636743215033,0.2659707724425887,0.056784968684759914,0.28058455114822545,0.5473903966597077,0.06638830897703549,False,0,0,0,0,1,True,0,True,0,0,0,0,0,0,0,0,0,1,False,True,False,False,False,11,False,False,False,False,WBGene00013740,C_elegans,6239,yes,1
Q9BHL2,340,38354,0.47352941176470587,0.19117647058823528,0.13529411764705881,0.2529411764705882,0.37058823529411766,0.08235294117647059,False,0,0,0,0,0,False,0,True,0,0,0,0,0,0,0,0,0,1,True,False,False,False,False,6,False,False,False,False,WBGene00013740,C_elegans,6239,yes,1
Q9N536,581,66089,0.45266781411359724,0.2633390705679862,0.0963855421686747,0.2082616179001721,0.4629948364888124,0.0757314974182444,False,0,0,0,0,0,False,0,True,0,0,0,0,0,0,0,0,0,1,True,False,False,False,False,7,False,False,False,False,WBGene00021313,C_elegans,6239,yes,1
Q94165,256,29622,0.34765625,0.2421875,0.11328125,0.34765625,0.4765625,0.0625,False,0,0,0,0,0,False,0,True,0,0,0,0,0,0,0,0,0,1,False,True,False,False,False,7,False,False,False,False,WBGene00000455,C_elegans,6239,yes,1
P90920,961,105365,0.45265348595213317,0.19458896982310095,0.055150884495317375,0.28199791883454733,0.43496357960457854,0.07075962539021852,False,0,0,0,0,0,False,0,True,0,0,0,0,0,0,0,0,0,1,True,False,False,False,False,8,False,False,False,False,WBGene00010621,C_elegans,6239,yes,1
B6VQ55,826,93972,0.49878934624697335,0.18886198547215496,0.14164648910411623,0.24334140435835352,0.3486682808716707,0.06900726392251816,False,0,0,0,0,0,False,0,True,0,0,0,0,0,0,0,0,0,0,False,False,False,False,False,5,False,False,False,False,WBGene00002335,C_elegans,6239,yes,1
Q9XUN5,332,38521,0.5632530120481928,0.15060240963855423,0.16265060240963855,0.23493975903614459,0.29518072289156627,0.05120481927710843,False,0,0,0,0,0,False,0,True,0,0,0,0,0,0,0,0,0,0,False,False,False,False,False,5,False,False,False,False,WBGene00002335,C_elegans,6239,yes,1
Q18277,150,17270,0.46,0.26666666666666666,0.07333333333333333,0.24,0.46,0.03333333333333333,False,0,0,0,0,0,False,0,True,0,0,0,0,0,0,0,0,0,1,False,True,False,False,False,5,False,False,False,False,WBGene00002335,C_elegans,6239,yes,1
Q18239,759,84695,0.3544137022397892,0.2898550724637681,0.07509881422924901,0.28326745718050067,0.5335968379446641,0.07246376811594203,False,0,0,0,0,0,False,0,True,0,0,0,0,0,0,0,0,0,2,True,False,True,False,False,6,False,False,False,False,WBGene00002335,C_elegans,6239,yes,1
P22981,184,20983,0.34782608695652173,0.32608695652173914,0.07608695652173914,0.24456521739130435,0.4673913043478261,0.08152173913043478,False,0,0,0,0,1,True,0,True,0,0,0,0,0,0,0,0,0,1,True,False,False,False,False,9,False,False,False,False,WBGene00002335,C_elegans,6239,yes,1
G5EFY5,243,27178,0.39094650205761317,0.20164609053497942,0.09465020576131687,0.34156378600823045,0.5349794238683128,0.06584362139917696,False,0,0,0,0,0,False,0,True,0,0,0,0,0,0,0,0,0,1,False,True,False,False,False,7,False,False,False,False,WBGene00003779,C_elegans,6239,yes,1
P17139,1759,170987,0.3541785105173394,0.17453098351335986,0.056281978396816375,0.16543490619670267,0.7163160886867538,0.3058555997725981,False,0,0,0,0,0,False,0,True,0,0,0,0,0,0,0,0,0,1,True,False,False,False,True,10,False,False,False,False,WBGene00001263,C_elegans,6239,yes,1
P16356,1856,204525,0.40301724137931033,0.22952586206896552,0.07758620689655173,0.28448275862068967,0.5043103448275862,0.08297413793103449,False,0,0,0,0,1,True,0,True,0,0,0,0,0,0,0,0,0,2,False,True,False,False,False,15,False,False,False,False,WBGene00000123,C_elegans,6239,yes,1
P13508,1295,144079,0.3312741312741313,0.2633204633204633,0.07722007722007722,0.24864864864864866,0.4810810810810811,0.15675675675675677,False,0,0,0,0,0,False,0,True,0,0,0,0,0,0,0,0,0,1,True,True,False,False,False,19,False,False,False,False,WBGene00003001,C_elegans,6239,yes,1
P14585,1429,157116,0.317704688593422,0.2596221133659902,0.06648005598320504,0.2547235829251225,0.48705388383484954,0.16794961511546536,False,0,0,0,0,0,False,0,True,0,0,0,0,0,0,0,0,0,1,True,True,False,False,False,19,False,False,False,False,WBGene00003001,C_elegans,6239,yes,1
Q20318,1042,117643,0.3704414587332054,0.2907869481765835,0.061420345489443376,0.2648752399232246,0.47696737044145876,0.07389635316698656,False,0,0,0,0,0,False,0,True,0,0,0,0,0,0,0,0,0,1,False,True,False,False,False,10,False,False,False,False,WBGene00003034,C_elegans,6239,yes,1
V6CLJ5,790,87732,0.3759493670886076,0.23544303797468355,0.10126582278481013,0.30759493670886073,0.5075949367088608,0.0810126582278481,False,0,0,0,0,0,False,0,True,0,0,0,0,0,0,0,0,0,1,False,True,False,False,False,8,False,False,False,False,WBGene00002245,C_elegans,6239,yes,1
O02482,612,65617,0.3937908496732026,0.23202614379084968,0.06535947712418301,0.2647058823529412,0.5245098039215687,0.10947712418300654,False,0,0,0,0,0,False,0,True,0,0,0,0,0,0,0,0,0,1,False,True,False,False,False,7,False,False,False,False,WBGene00006773,C_elegans,6239,yes,1
Q03345,438,48924,0.3721461187214612,0.2602739726027397,0.0684931506849315,0.3082191780821918,0.5205479452054794,0.0593607305936073,False,0,0,0,0,0,False,0,True,0,0,0,0,0,0,0,0,0,1,True,False,False,False,False,10,False,False,False,False,WBGene00002992,C_elegans,6239,yes,1
P34595,773,89054,0.3829236739974127,0.2574385510996119,0.0944372574385511,0.3091849935316947,0.463130659767141,0.050452781371280724,False,0,0,0,0,0,False,0,True,0,0,0,0,0,0,0,0,0,1,True,False,False,False,False,11,False,False,False,False,WBGene00022580,C_elegans,6239,yes,1
P91857,208,22836,0.4182692307692308,0.21634615384615385,0.08173076923076923,0.27884615384615385,0.5,0.08653846153846154,False,0,0,0,0,1,True,0,True,0,0,0,0,0,0,0,0,0,1,False,False,False,False,False,10,False,False,False,False,WBGene00004268,C_elegans,6239,yes,1
P34522,594,66518,0.367003367003367,0.27441077441077444,0.08754208754208755,0.30134680134680136,0.5370370370370371,0.05723905723905724,False,0,0,0,0,0,False,0,True,0,0,0,0,0,0,0,0,0,1,False,True,False,False,False,7,False,False,False,False,WBGene00000448,C_elegans,6239,yes,1
P34522,594,66518,0.367003367003367,0.27441077441077444,0.08754208754208755,0.30134680134680136,0.5370370370370371,0.05723905723905724,False,0,0,0,0,0,False,0,True,0,0,0,0,0,0,0,0,0,1,False,True,False,False,False,7,False,False,False,False,WBGene00000448,C_elegans,6239,yes,1
Q9NEL2,2395,268727,0.38705636743215033,0.2659707724425887,0.056784968684759914,0.28058455114822545,0.5473903966597077,0.06638830897703549,False,0,0,0,0,1,True,0,True,0,0,0,0,0,0,0,0,0,1,False,True,False,False,False,11,False,False,False,False,WBGene00013740,C_elegans,6239,yes,1
Q9BHL2,340,38354,0.47352941176470587,0.19117647058823528,0.13529411764705881,0.2529411764705882,0.37058823529411766,0.08235294117647059,False,0,0,0,0,0,False,0,True,0,0,0,0,0,0,0,0,0,1,True,False,False,False,False,6,False,False,False,False,WBGene00013740,C_elegans,6239,yes,1
Q20751,161,17953,0.36024844720496896,0.36024844720496896,0.043478260869565216,0.18633540372670807,0.4782608695652174,0.09316770186335403,False,0,0,0,0,0,False,0,True,0,0,0,0,0,0,0,0,0,1,False,False,True,False,False,6,False,False,False,False,WBGene00002065,C_elegans,6239,other lethal,0
P91484,346,38266,0.3583815028901734,0.2543352601156069,0.07514450867052024,0.2658959537572254,0.41040462427745666,0.12138728323699421,False,0,0,0,0,0,False,0,True,0,0,0,0,0,0,0,0,0,0,False,False,False,False,False,2,False,False,False,False,WBGene00000962,C_elegans,6239,other lethal,0
Q19020,4568,521579,0.4216287215411559,0.2747373029772329,0.08056042031523643,0.24605954465849386,0.4660683012259194,0.05757443082311734,False,0,0,0,0,0,False,0,True,0,0,0,0,0,0,0,0,0,1,False,False,True,False,False,12,False,False,False,False,WBGene00000962,C_elegans,6239,other lethal,0
P91454,112,11731,0.4732142857142857,0.24107142857142858,0.0625,0.16071428571428573,0.5267857142857143,0.125,False,0,0,0,0,0,False,0,True,0,0,0,0,0,0,0,0,0,1,True,False,False,True,False,10,False,False,False,False,WBGene00001039,C_elegans,6239,other lethal,0
Q95XQ8,823,91572,0.39489671931956255,0.2733900364520049,0.0583232077764277,0.26123936816524906,0.511543134872418,0.07047387606318348,False,0,0,0,0,1,True,0,True,0,0,0,0,0,0,0,0,0,2,False,True,False,False,False,14,False,False,False,False,WBGene00003156,C_elegans,6239,other lethal,0
O44986,610,67762,0.42295081967213116,0.18688524590163935,0.09836065573770492,0.3262295081967213,0.41475409836065574,0.06393442622950819,False,0,0,0,0,0,False,0,True,0,0,0,0,0,0,0,0,0,1,True,False,False,False,False,8,False,False,False,False,WBGene00019323,C_elegans,6239,other lethal,0
O44985,1220,135100,0.42295081967213116,0.25,0.07868852459016394,0.2360655737704918,0.4713114754098361,0.09098360655737706,False,0,0,0,0,0,False,0,True,0,0,0,0,0,0,0,0,0,1,False,True,False,False,False,6,False,False,False,False,WBGene00019323,C_elegans,6239,other lethal,0
Q19503,329,38223,0.3890577507598784,0.2917933130699088,0.08206686930091185,0.270516717325228,0.47720364741641336,0.0486322188449848,False,0,0,0,0,0,False,0,True,0,0,0,0,0,0,0,0,0,1,False,True,False,False,False,5,False,False,False,False,WBGene00000443,C_elegans,6239,other lethal,0
P41779,338,38154,0.3905325443786982,0.2692307692307692,0.0650887573964497,0.2692307692307692,0.5029585798816568,0.07100591715976332,False,0,0,0,0,0,False,0,True,0,0,0,0,0,0,0,0,0,1,False,True,False,False,False,6,False,False,False,False,WBGene00000443,C_elegans,6239,other lethal,0
Q564Q1,349,37883,0.4355300859598854,0.20630372492836677,0.0830945558739255,0.2492836676217765,0.4355300859598854,0.10888252148997135,False,0,0,0,0,1,True,0,True,0,0,0,0,0,0,0,0,0,0,False,False,False,False,False,6,False,False,False,False,WBGene00008132,C_elegans,6239,other lethal,0
O16720,910,101661,0.42857142857142855,0.23846153846153847,0.08241758241758242,0.24175824175824176,0.4824175824175824,0.0912087912087912,False,0,0,0,0,0,False,0,True,0,0,0,0,0,0,0,0,0,1,False,False,True,False,False,7,False,False,False,False,WBGene00000105,C_elegans,6239,other lethal,0
G5EES3,1023,113110,0.4222873900293255,0.21212121212121213,0.07917888563049853,0.27370478983382207,0.509286412512219,0.09188660801564028,False,0,0,0,0,0,False,0,True,0,0,0,0,0,0,0,0,0,1,False,False,True,False,False,7,False,False,False,False,WBGene00000105,C_elegans,6239,other lethal,0
H2KZM6,1409,159956,0.39531582682753724,0.2590489709013485,0.10361958836053939,0.27466288147622425,0.46983676366217175,0.07097232079488999,False,0,0,0,0,1,True,0,True,0,0,0,0,0,0,0,0,0,2,True,False,False,False,False,13,False,False,False,False,WBGene00000548,C_elegans,6239,other lethal,0
G5EE68,514,56009,0.433852140077821,0.19455252918287938,0.0622568093385214,0.3093385214007782,0.5603112840466926,0.0622568093385214,False,0,0,0,0,0,False,0,True,0,0,0,0,0,0,0,0,0,2,False,True,True,False,False,4,False,False,False,False,WBGene00006807,C_elegans,6239,other lethal,0
H2KZB2,603,67054,0.4079601990049751,0.27860696517412936,0.08955223880597014,0.2470978441127695,0.5174129353233831,0.06633499170812604,False,0,0,0,0,0,False,0,True,0,0,0,0,0,0,0,0,0,1,True,True,False,False,False,11,False,False,False,False,WBGene00021945,C_elegans,6239,other lethal,0
O01541,968,106782,0.4132231404958678,0.2882231404958678,0.07851239669421488,0.20764462809917356,0.493801652892562,0.09090909090909091,False,0,0,0,0,1,True,0,True,0,0,0,0,0,0,0,0,0,1,False,False,True,False,False,11,False,False,False,False,WBGene00000197,C_elegans,6239,other lethal,0
P91280,647,73457,0.35239567233384855,0.3987635239567233,0.0401854714064915,0.19783616692426584,0.49768160741885625,0.05100463678516229,False,0,0,0,0,0,False,0,True,0,0,0,0,0,0,0,0,0,1,False,True,False,False,False,4,False,False,False,False,WBGene00017855,C_elegans,6239,other lethal,0
P91281,139,14965,0.381294964028777,0.20863309352517986,0.06474820143884892,0.34532374100719426,0.5539568345323741,0.06474820143884892,False,0,0,0,0,0,False,0,True,0,0,0,0,0,0,0,0,0,0,False,False,False,False,False,1,False,False,False,False,WBGene00017855,C_elegans,6239,other lethal,0
P91282,262,26758,0.37404580152671757,0.2595419847328244,0.04961832061068702,0.1946564885496183,0.5572519083969466,0.1717557251908397,False,0,0,0,0,0,False,0,True,0,0,0,0,0,0,0,0,0,0,False,False,False,False,False,2,False,False,False,False,WBGene00017855,C_elegans,6239,other lethal,0
P24348,1323,150511,0.3318216175359032,0.2713529856386999,0.0854119425547997,0.2773998488284203,0.42025699168556313,0.11942554799697656,False,0,0,0,0,1,True,0,True,0,0,0,0,0,0,0,0,0,2,True,False,False,False,False,17,False,False,False,False,WBGene00002299,C_elegans,6239,other lethal,0
O44757,1312,147583,0.3628048780487805,0.2995426829268293,0.06402439024390244,0.2606707317073171,0.5175304878048781,0.07698170731707317,False,0,0,0,0,1,True,0,True,0,0,0,0,0,0,0,0,0,1,False,True,False,False,False,12,False,False,False,False,WBGene00003040,C_elegans,6239,other lethal,0
Q23359,393,43585,0.4122137404580153,0.25190839694656486,0.05343511450381679,0.26717557251908397,0.5470737913486005,0.06870229007633588,False,0,0,0,0,0,False,0,True,0,0,0,0,0,0,0,0,0,3,False,False,True,False,False,12,False,False,False,False,WBGene00003864,C_elegans,6239,other lethal,0
G5EC86,407,44500,0.44471744471744473,0.21375921375921375,0.06633906633906633,0.2702702702702703,0.5331695331695332,0.07125307125307126,False,0,0,0,0,0,False,0,True,0,0,0,0,0,0,0,0,0,3,False,True,True,False,False,12,False,False,False,False,WBGene00003864,C_elegans,6239,other lethal,0
G2HJZ4,100,11717,0.42,0.34,0.07,0.18,0.47,0.06,False,0,0,0,0,0,False,0,True,0,0,0,0,0,0,0,0,0,0,False,False,False,False,False,1,False,False,False,False,WBGene00001980,C_elegans,6239,other lethal,0
A0A0K2WPR7,341,37248,0.3782991202346041,0.2844574780058651,0.07331378299120235,0.19941348973607037,0.5747800586510264,0.1378299120234604,False,0,0,0,0,0,False,0,True,0,0,0,0,0,0,0,0,0,0,False,False,False,False,False,1,False,False,False,False,WBGene00001980,C_elegans,6239,other lethal,0
Q967F4,2920,323914,0.3904109589041096,0.26643835616438355,0.0773972602739726,0.2613013698630137,0.49383561643835616,0.08184931506849315,False,0,0,0,0,0,False,0,True,0,0,0,0,0,0,0,0,0,1,True,False,False,False,False,21,False,False,False,False,WBGene00001980,C_elegans,6239,other lethal,0
P28515,416,44823,0.3293269230769231,0.1466346153846154,0.07932692307692307,0.41346153846153844,0.4543269230769231,0.11057692307692307,False,0,0,0,0,0,False,0,True,0,0,0,0,0,0,0,0,0,3,False,True,False,False,False,12,False,False,False,False,WBGene00001249,C_elegans,6239,other lethal,0
P48996,1469,169619,0.3737236215112321,0.35466303607896527,0.06262763784887679,0.22123893805309736,0.48264125255275697,0.05037440435670524,False,0,0,0,0,0,False,0,True,0,0,0,0,0,0,0,0,0,2,False,True,False,False,False,7,False,False,False,False,WBGene00001086,C_elegans,6239,other lethal,0
P23678,1584,179652,0.39141414141414144,0.2897727272727273,0.07386363636363637,0.24431818181818182,0.46464646464646464,0.07449494949494949,False,0,0,0,0,0,False,0,True,0,0,0,0,0,0,0,0,0,2,False,False,True,False,False,18,False,False,False,False,WBGene00006831,C_elegans,6239,other lethal,0
Q27371,405,47041,0.3432098765432099,0.4567901234567901,0.04197530864197531,0.15555555555555556,0.6419753086419753,0.044444444444444446,False,0,0,0,0,0,False,0,True,0,0,0,0,0,0,0,0,0,0,False,False,False,False,False,1,False,False,False,False,WBGene00003495,C_elegans,6239,other lethal,0
Q18239,759,84695,0.3544137022397892,0.2898550724637681,0.07509881422924901,0.28326745718050067,0.5335968379446641,0.07246376811594203,False,0,0,0,0,0,False,0,True,0,0,0,0,0,0,0,0,0,2,True,False,True,False,False,6,False,False,False,False,WBGene00003395,C_elegans,6239,other lethal,0
G5EEH0,1020,118804,0.3872549019607843,0.33431372549019606,0.1,0.2196078431372549,0.42058823529411765,0.058823529411764705,False,0,0,0,0,0,False,0,True,0,0,0,0,0,0,0,0,0,0,False,False,False,False,False,2,False,False,False,False,WBGene00003395,C_elegans,6239,other lethal,0
P34447,867,92190,0.4232987312572088,0.18685121107266436,0.03806228373702422,0.30680507497116494,0.5132641291810842,0.08304498269896193,False,0,0,0,0,0,False,0,True,0,0,0,0,0,0,0,0,0,2,False,True,False,False,False,13,False,False,False,False,WBGene00003395,C_elegans,6239,other lethal,0
P34607,910,105569,0.4021978021978022,0.31648351648351647,0.09010989010989011,0.22637362637362637,0.432967032967033,0.054945054945054944,False,0,0,0,0,1,True,0,True,0,0,0,0,0,0,0,0,0,0,False,False,False,False,False,8,False,False,False,False,WBGene00003395,C_elegans,6239,other lethal,0
Q21501,211,24949,0.4075829383886256,0.3222748815165877,0.11374407582938388,0.23222748815165878,0.44075829383886256,0.037914691943127965,False,0,0,0,0,0,False,0,True,0,0,0,0,0,0,0,0,0,1,False,True,False,False,False,6,False,False,False,False,WBGene00003395,C_elegans,6239,other lethal,0
Q10665,754,86305,0.36074270557029176,0.28514588859416445,0.08885941644562334,0.28514588859416445,0.4482758620689655,0.06896551724137931,False,0,0,0,0,0,False,0,True,0,0,0,0,0,0,0,0,0,1,False,True,False,False,False,6,False,False,False,False,WBGene00003395,C_elegans,6239,other lethal,0
Q9GYS1,459,51823,0.3790849673202614,0.27450980392156865,0.09368191721132897,0.2440087145969499,0.44880174291938996,0.10239651416122005,False,0,0,0,0,0,False,0,True,0,0,0,0,0,0,0,0,0,1,False,True,False,False,False,8,False,False,False,False,WBGene00003395,C_elegans,6239,other lethal,0
G5ED81,78,8838,0.2692307692307692,0.28205128205128205,0.07692307692307693,0.41025641025641024,0.5256410256410257,0.038461538461538464,False,0,0,0,0,0,False,0,True,0,0,0,0,0,0,0,0,0,0,False,False,False,False,False,2,False,False,False,False,WBGene00003395,C_elegans,6239,other lethal,0
Q9NH52,898,100065,0.3363028953229399,0.289532293986637,0.07015590200445435,0.27728285077951004,0.4732739420935412,0.09688195991091314,False,0,0,0,0,1,True,0,True,0,0,0,0,0,0,0,0,0,2,False,True,False,False,False,12,False,False,False,False,WBGene00003395,C_elegans,6239,other lethal,0
G5ED20,944,106749,0.4025423728813559,0.2786016949152542,0.04449152542372881,0.2489406779661017,0.5911016949152542,0.06991525423728813,False,0,0,0,0,0,False,0,True,0,0,0,0,0,0,0,0,0,0,False,False,False,False,False,6,False,False,False,False,WBGene00003395,C_elegans,6239,other lethal,0
Q23482,275,31601,0.4,0.3381818181818182,0.06545454545454546,0.2,0.5527272727272727,0.06181818181818182,False,0,0,0,0,0,False,0,True,0,0,0,0,0,0,0,0,0,0,False,False,False,False,False,2,False,False,False,False,WBGene00003395,C_elegans,6239,other lethal,0
O44516,348,39593,0.3649425287356322,0.27011494252873564,0.08620689655172414,0.2988505747126437,0.5057471264367817,0.06609195402298851,False,0,0,0,0,0,False,0,True,0,0,0,0,0,0,0,0,0,1,True,False,False,False,False,10,False,False,False,False,WBGene00003395,C_elegans,6239,other lethal,0
G5EDT1,961,110903,0.3975026014568158,0.2934443288241415,0.09157127991675339,0.2497398543184183,0.4578563995837669,0.05931321540062435,False,0,0,0,0,0,False,0,True,0,0,0,0,0,0,0,0,0,1,False,True,False,False,False,8,False,False,False,False,WBGene00003395,C_elegans,6239,other lethal,0
Q10459,362,40191,0.356353591160221,0.23480662983425415,0.07734806629834254,0.281767955801105,0.46685082872928174,0.1270718232044199,False,0,0,0,0,0,False,0,True,0,0,0,0,0,0,0,0,0,1,False,False,False,False,True,9,False,False,False,False,WBGene00003395,C_elegans,6239,other lethal,0
G5ED14,289,31564,0.4083044982698962,0.17301038062283736,0.0657439446366782,0.32525951557093424,0.5121107266435986,0.09342560553633218,False,0,0,0,0,0,False,0,True,0,0,0,0,0,0,0,0,0,2,False,True,False,False,False,8,False,False,False,False,WBGene00001204,C_elegans,6239,other lethal,0
Q20318,1042,117643,0.3704414587332054,0.2907869481765835,0.061420345489443376,0.2648752399232246,0.47696737044145876,0.07389635316698656,False,0,0,0,0,0,False,0,True,0,0,0,0,0,0,0,0,0,1,False,True,False,False,False,10,False,False,False,False,WBGene00003034,C_elegans,6239,other lethal,0
G5EDU6,280,31603,0.3607142857142857,0.2714285714285714,0.08214285714285714,0.2892857142857143,0.44642857142857145,0.07857142857142857,False,0,0,0,0,0,False,0,True,0,0,0,0,0,0,0,0,0,1,False,True,False,False,False,6,False,False,False,False,WBGene00003033,C_elegans,6239,other lethal,0
B6VQ55,826,93972,0.49878934624697335,0.18886198547215496,0.14164648910411623,0.24334140435835352,0.3486682808716707,0.06900726392251816,False,0,0,0,0,0,False,0,True,0,0,0,0,0,0,0,0,0,0,False,False,False,False,False,5,False,False,False,False,WBGene00002335,C_elegans,6239,other lethal,0
Q9XUN5,332,38521,0.5632530120481928,0.15060240963855423,0.16265060240963855,0.23493975903614459,0.29518072289156627,0.05120481927710843,False,0,0,0,0,0,False,0,True,0,0,0,0,0,0,0,0,0,0,False,False,False,False,False,5,False,False,False,False,WBGene00002335,C_elegans,6239,other lethal,0
Q18277,150,17270,0.46,0.26666666666666666,0.07333333333333333,0.24,0.46,0.03333333333333333,False,0,0,0,0,0,False,0,True,0,0,0,0,0,0,0,0,0,1,False,True,False,False,False,5,False,False,False,False,WBGene00002335,C_elegans,6239,other lethal,0
Q18239,759,84695,0.3544137022397892,0.2898550724637681,0.07509881422924901,0.28326745718050067,0.5335968379446641,0.07246376811594203,False,0,0,0,0,0,False,0,True,0,0,0,0,0,0,0,0,0,2,True,False,True,False,False,6,False,False,False,False,WBGene00002335,C_elegans,6239,other lethal,0
P22981,184,20983,0.34782608695652173,0.32608695652173914,0.07608695652173914,0.24456521739130435,0.4673913043478261,0.08152173913043478,False,0,0,0,0,1,True,0,True,0,0,0,0,0,0,0,0,0,1,True,False,False,False,False,9,False,False,False,False,WBGene00002335,C_elegans,6239,other lethal,0
P17488,202,22937,0.32673267326732675,0.26732673267326734,0.09405940594059406,0.3613861386138614,0.48514851485148514,0.04455445544554455,False,0,0,0,0,0,False,0,True,0,0,0,0,0,0,0,0,0,1,False,True,False,False,False,5,False,False,False,False,WBGene00000437,C_elegans,6239,other lethal,0
Q06561,3375,369052,0.36385185185185187,0.25096296296296294,0.064,0.26725925925925925,0.5265185185185185,0.11792592592592592,False,0,0,0,0,0,False,0,True,0,0,0,0,0,0,0,0,0,2,True,False,True,False,True,13,False,False,False,False,WBGene00006787,C_elegans,6239,other lethal,0
P12844,1969,225510,0.36262061960385983,0.361604875571356,0.05383443372270188,0.22803453529710513,0.5251396648044693,0.047739969527679026,False,0,0,0,0,0,False,0,True,0,0,0,0,0,0,0,0,0,2,False,False,True,False,False,11,False,False,False,False,WBGene00003515,C_elegans,6239,other lethal,0
O62270,569,63497,0.5342706502636204,0.0843585237258348,0.140597539543058,0.3181019332161687,0.3866432337434095,0.0632688927943761,False,0,0,0,0,0,False,0,True,0,0,0,0,0,0,0,0,0,0,False,False,False,False,False,4,False,False,False,False,WBGene00010269,C_elegans,6239,other lethal,0
P34690,448,49913,0.39955357142857145,0.25223214285714285,0.10267857142857142,0.25,0.4732142857142857,0.09821428571428571,False,0,0,0,0,1,True,0,True,0,0,0,0,0,0,0,0,0,1,False,False,True,False,False,10,False,False,False,False,WBGene00006529,C_elegans,6239,other lethal,0
Q11184,425,49569,0.3388235294117647,0.2988235294117647,0.08470588235294117,0.3176470588235294,0.5388235294117647,0.04470588235294118,False,0,0,0,0,0,False,0,True,0,0,0,0,0,0,0,0,0,2,True,True,False,False,False,5,False,False,False,False,WBGene00002881,C_elegans,6239,other lethal,0
Q20970,917,101714,0.4154852780806979,0.2649945474372955,0.07851690294438386,0.2257360959651036,0.45910577971646677,0.09378407851690294,False,0,0,0,0,1,True,0,True,0,0,0,0,0,0,0,0,0,1,False,False,True,False,False,9,False,False,False,False,WBGene00003415,C_elegans,6239,other lethal,0
Q8MXJ9,425,48125,0.49176470588235294,0.17882352941176471,0.13176470588235295,0.2541176470588235,0.4235294117647059,0.07529411764705882,False,0,0,0,0,0,False,0,True,0,0,0,0,0,0,0,0,0,1,True,False,False,False,False,7,False,False,False,False,WBGene00004206,C_elegans,6239,other lethal,0
Q8I7I5,2481,276238,0.4062877871825877,0.23417976622329706,0.08464328899637243,0.294236195082628,0.47077791213220477,0.06529625151148731,False,0,0,0,0,0,False,0,True,0,0,0,0,0,0,0,0,0,1,True,False,False,False,False,9,False,False,False,False,WBGene00004395,C_elegans,6239,other lethal,0
Q9N5D3,1493,169916,0.38914936369725384,0.27595445411922304,0.08171466845277964,0.2813127930341594,0.4842598794373744,0.0535833891493637,False,0,0,0,0,0,False,0,True,0,0,0,0,0,0,0,0,0,0,False,False,False,False,False,2,False,False,False,False,WBGene00004947,C_elegans,6239,other lethal,0
P35129,147,16705,0.4557823129251701,0.22448979591836735,0.10204081632653061,0.24489795918367346,0.4897959183673469,0.07482993197278912,False,0,0,0,0,1,True,0,True,0,0,0,0,0,0,0,0,0,3,False,True,True,False,False,9,False,False,False,False,WBGene00002344,C_elegans,6239,other lethal,0
G5EGK8,318,36302,0.389937106918239,0.27358490566037735,0.11006289308176101,0.22955974842767296,0.46855345911949686,0.1069182389937107,False,0,0,0,0,1,True,0,True,0,0,0,0,0,0,0,0,0,4,False,False,True,False,False,8,False,False,False,False,WBGene00002363,C_elegans,6239,other lethal,0
Q8WQA4,290,33703,0.41724137931034483,0.30689655172413793,0.09655172413793103,0.22413793103448276,0.44482758620689655,0.05172413793103448,False,0,0,0,0,0,False,0,True,0,0,0,0,0,0,0,0,0,2,True,False,True,False,False,12,False,False,False,False,WBGene00001365,C_elegans,6239,other lethal,0
P02566,1963,224755,0.3540499235863474,0.36984207845135,0.051451859398879266,0.22210901681100356,0.5318390219052471,0.05399898115129903,False,0,0,0,0,0,False,0,True,0,0,0,0,0,0,0,0,0,1,False,False,True,False,False,13,False,False,False,False,WBGene00006789,C_elegans,6239,other lethal,0
E6N0W2,17,1778,0.17647058823529413,0.4117647058823529,0.058823529411764705,0.29411764705882354,0.8235294117647058,0.11764705882352941,False,0,0,0,0,0,False,0,True,0,0,0,0,0,0,0,0,0,0,False,False,False,False,False,1,False,False,False,False,WBGene00003142,C_elegans,6239,other lethal,0
P34447,867,92190,0.4232987312572088,0.18685121107266436,0.03806228373702422,0.30680507497116494,0.5132641291810842,0.08304498269896193,False,0,0,0,0,0,False,0,True,0,0,0,0,0,0,0,0,0,2,False,True,False,False,False,13,False,False,False,False,WBGene00001979,C_elegans,6239,other lethal,0
Q21501,211,24949,0.4075829383886256,0.3222748815165877,0.11374407582938388,0.23222748815165878,0.44075829383886256,0.037914691943127965,False,0,0,0,0,0,False,0,True,0,0,0,0,0,0,0,0,0,1,False,True,False,False,False,6,False,False,False,False,WBGene00001979,C_elegans,6239,other lethal,0
O44326,678,74511,0.4424778761061947,0.23008849557522124,0.048672566371681415,0.25663716814159293,0.48672566371681414,0.07079646017699115,False,0,0,0,0,0,False,0,True,0,0,0,0,0,0,0,0,0,1,False,False,False,False,False,6,False,False,False,False,WBGene00001979,C_elegans,6239,other lethal,0
G2HK15,367,39931,0.44141689373297005,0.24250681198910082,0.04087193460490463,0.25340599455040874,0.5149863760217984,0.06267029972752043,False,0,0,0,0,0,False,0,True,0,0,0,0,0,0,0,0,0,2,False,True,True,False,False,8,False,False,False,False,WBGene00013383,C_elegans,6239,other lethal,0
Q95XZ5,2176,249784,0.39200367647058826,0.296875,0.0703125,0.26516544117647056,0.4912683823529412,0.04595588235294118,False,0,0,0,0,0,False,0,True,0,0,0,0,0,0,0,0,0,2,False,True,False,False,False,6,False,False,False,False,WBGene00003136,C_elegans,6239,other lethal,0
Q19555,1096,124775,0.4215328467153285,0.29105839416058393,0.08211678832116788,0.2271897810218978,0.458029197080292,0.060218978102189784,False,0,0,0,0,0,False,0,True,0,0,0,0,0,0,0,0,0,2,False,True,False,False,False,7,False,False,False,False,WBGene00003136,C_elegans,6239,other lethal,0
O17581,593,67867,0.4300168634064081,0.26475548060708265,0.07588532883642496,0.2478920741989882,0.3912310286677909,0.05733558178752108,False,0,0,0,0,0,False,0,True,0,0,0,0,0,0,0,0,0,2,False,True,True,False,False,8,False,False,False,False,WBGene00003136,C_elegans,6239,other lethal,0
V6CLJ5,790,87732,0.3759493670886076,0.23544303797468355,0.10126582278481013,0.30759493670886073,0.5075949367088608,0.0810126582278481,False,0,0,0,0,0,False,0,True,0,0,0,0,0,0,0,0,0,1,False,True,False,False,False,8,False,False,False,False,WBGene00002245,C_elegans,6239,other lethal,0
Q95Y84,1758,198883,0.3845278725824801,0.31513083048919227,0.05915813424345848,0.24800910125142206,0.48179749715585896,0.05233219567690557,False,0,0,0,0,0,False,0,True,0,0,0,0,0,0,0,0,0,2,False,True,False,False,False,10,False,False,False,False,WBGene00001833,C_elegans,6239,other lethal,0
G5EE66,787,88493,0.40660736975857686,0.2770012706480305,0.05590851334180432,0.25158831003811943,0.4764930114358323,0.06480304955527319,False,0,0,0,0,0,False,0,True,0,0,0,0,0,0,0,0,0,1,True,False,False,False,False,7,False,False,False,False,WBGene00003258,C_elegans,6239,other lethal,0
J7SA49,1768,189691,0.4309954751131222,0.2171945701357466,0.050339366515837106,0.2737556561085973,0.6199095022624435,0.07805429864253394,False,0,0,0,0,0,False,0,True,0,0,0,0,0,0,0,0,0,1,False,True,False,False,False,3,False,False,False,False,WBGene00002717,C_elegans,6239,other lethal,0
Q9TXI7,901,103059,0.43729189789123196,0.27968923418423974,0.08102108768035517,0.23307436182019978,0.47058823529411764,0.049944506104328525,False,0,0,0,0,1,True,0,True,0,0,0,0,0,0,0,0,0,4,True,True,True,False,False,14,False,False,False,False,WBGene00006932,C_elegans,6239,other lethal,0
O44887,385,45123,0.44675324675324674,0.22857142857142856,0.16883116883116883,0.2545454545454545,0.3922077922077922,0.07012987012987013,False,0,0,0,0,0,False,0,True,0,0,0,0,0,0,0,0,0,2,True,False,False,False,False,11,False,False,False,False,WBGene00002135,C_elegans,6239,other lethal,0
Q9N584,664,75298,0.4307228915662651,0.2635542168674699,0.08283132530120482,0.25301204819277107,0.4789156626506024,0.05271084337349398,False,0,0,0,0,0,False,0,True,0,0,0,0,0,0,0,0,0,1,False,False,False,True,False,10,False,False,False,False,WBGene00002804,C_elegans,6239,other lethal,0
Q8IG67,544,61765,0.3915441176470588,0.28125,0.07169117647058823,0.2555147058823529,0.47058823529411764,0.07169117647058823,False,0,0,0,0,0,False,0,True,0,0,0,0,0,0,0,0,0,1,False,True,False,False,False,5,False,False,False,False,WBGene00016750,C_elegans,6239,other lethal,0
Q21516,128,14666,0.484375,0.1328125,0.1640625,0.21875,0.390625,0.1640625,False,0,0,0,0,0,False,0,True,0,0,0,0,0,0,0,0,0,0,False,False,False,False,False,5,False,False,False,False,WBGene00010870,C_elegans,6239,other lethal,0
P92199,1173,135774,0.35720375106564367,0.3554987212276215,0.06905370843989769,0.2412617220801364,0.4876385336743393,0.04603580562659847,False,0,0,0,0,1,True,0,True,0,0,0,0,0,0,0,0,0,3,False,False,True,False,False,17,False,False,False,False,WBGene00002694,C_elegans,6239,other lethal,0
Q9XZI6,586,64064,0.45733788395904434,0.18771331058020477,0.08532423208191127,0.2832764505119454,0.5204778156996587,0.07167235494880546,False,0,0,0,0,0,False,0,True,0,0,0,0,0,0,0,0,0,3,True,False,True,False,False,7,False,False,False,False,WBGene00006751,C_elegans,6239,other lethal,0
O01763,798,92527,0.40726817042606517,0.2907268170426065,0.10275689223057644,0.24185463659147868,0.4573934837092732,0.06015037593984962,False,0,0,0,0,0,False,0,True,0,0,0,0,0,0,0,0,0,1,False,True,False,False,False,6,False,False,False,False,WBGene00018156,C_elegans,6239,other lethal,0
O01661,526,59215,0.39923954372623577,0.2585551330798479,0.06653992395437262,0.27566539923954375,0.5399239543726235,0.06653992395437262,False,0,0,0,0,0,False,0,True,0,0,0,0,0,0,0,0,0,0,False,False,False,False,False,12,False,False,False,False,WBGene00000368,C_elegans,6239,other lethal,0
Q19722,545,61186,0.4091743119266055,0.29357798165137616,0.08807339449541285,0.2036697247706422,0.5009174311926605,0.09357798165137615,False,0,0,0,0,1,True,0,True,0,0,0,0,0,0,0,0,0,1,False,False,True,False,False,7,False,False,False,False,WBGene00003815,C_elegans,6239,other lethal,0
Q95Q95,2697,306529,0.43418613274008155,0.26103077493511306,0.07193177604746014,0.25472747497219134,0.4686688913607712,0.05005561735261402,False,0,0,0,0,1,True,0,True,0,0,0,0,0,0,0,0,0,1,False,True,False,False,False,10,False,False,False,False,WBGene00002583,C_elegans,6239,other lethal,0
O01755,426,48618,0.4295774647887324,0.24647887323943662,0.1056338028169014,0.25586854460093894,0.4507042253521127,0.06807511737089202,False,0,0,0,0,0,False,0,True,0,0,0,0,0,0,0,0,0,1,True,False,True,False,False,6,False,False,False,False,WBGene00000150,C_elegans,6239,other lethal,0
Q9N3S4,749,81616,0.4472630173564753,0.2590120160213618,0.0520694259012016,0.22429906542056074,0.5527369826435247,0.06942590120160214,False,0,0,0,0,0,False,0,True,0,0,0,0,0,0,0,0,0,1,False,True,False,False,False,11,False,False,False,False,WBGene00004389,C_elegans,6239,other lethal,0
O61794,802,90644,0.4077306733167082,0.2880299251870324,0.05236907730673317,0.26683291770573564,0.4763092269326683,0.03740648379052369,False,0,0,0,0,0,False,0,True,0,0,0,0,0,0,0,0,0,1,True,False,False,False,False,6,False,False,False,False,WBGene00020031,C_elegans,6239,other lethal,0
G5EF37,161,18517,0.37267080745341613,0.38509316770186336,0.09937888198757763,0.16149068322981366,0.5403726708074534,0.08074534161490683,False,0,0,0,0,0,False,0,True,0,0,0,0,0,0,0,0,0,0,False,False,False,False,False,4,False,False,False,False,WBGene00003934,C_elegans,6239,other lethal,0
O44743,690,75901,0.35507246376811596,0.22608695652173913,0.05507246376811594,0.36086956521739133,0.5579710144927537,0.057971014492753624,False,0,0,0,0,0,False,0,True,0,0,0,0,0,0,0,0,0,1,False,True,False,False,False,7,False,False,False,False,WBGene00002783,C_elegans,6239,other lethal,0
G5EDA3,866,97423,0.3348729792147806,0.33371824480369516,0.03233256351039261,0.2909930715935335,0.5438799076212472,0.04041570438799076,False,0,0,0,0,0,False,0,True,0,0,0,0,0,0,0,0,0,0,False,False,False,False,False,2,False,False,False,False,WBGene00001832,C_elegans,6239,other lethal,0
V6CLN5,1615,180574,0.3721362229102167,0.27058823529411763,0.06625386996904024,0.291640866873065,0.5058823529411764,0.06563467492260062,False,0,0,0,0,0,False,0,True,0,0,0,0,0,0,0,0,0,1,False,True,False,False,False,11,False,False,False,False,WBGene00022518,C_elegans,6239,other lethal,0
Q9BIB8,896,98758,0.4609375,0.21986607142857142,0.05803571428571429,0.2544642857142857,0.4720982142857143,0.06473214285714286,False,0,0,0,0,0,False,0,True,0,0,0,0,0,0,0,0,0,1,False,False,True,False,False,6,False,False,False,False,WBGene00002075,C_elegans,6239,other lethal,0
P91129,933,104354,0.4983922829581994,0.1907824222936763,0.11361200428724544,0.2379421221864952,0.42015005359056806,0.07288317256162916,False,0,0,0,0,0,False,0,True,0,0,0,0,0,0,0,0,0,1,True,False,False,False,False,7,False,False,False,False,WBGene00004217,C_elegans,6239,other lethal,0
O01501,524,60586,0.3511450381679389,0.3568702290076336,0.07442748091603053,0.24236641221374045,0.5248091603053435,0.04961832061068702,False,0,0,0,0,0,False,0,True,0,0,0,0,0,0,0,0,0,2,False,True,True,False,False,10,False,False,False,False,WBGene00000871,C_elegans,6239,other lethal,0
Q966M5,232,26626,0.3879310344827586,0.28448275862068967,0.08620689655172414,0.2672413793103448,0.4827586206896552,0.0603448275862069,False,0,0,0,0,0,False,0,True,0,0,0,0,0,0,0,0,0,1,False,True,False,False,False,6,False,False,False,False,WBGene00007018,C_elegans,6239,other lethal,0
O01757,1043,116999,0.42090124640460214,0.27804410354745923,0.06711409395973154,0.23585810162991372,0.4841802492809204,0.06519654841802493,False,0,0,0,0,1,True,0,True,0,0,0,0,0,0,0,0,0,1,False,True,False,False,False,8,False,False,False,False,WBGene00018866,C_elegans,6239,other lethal,0
O01427,305,34749,0.40327868852459015,0.3016393442622951,0.09508196721311475,0.2098360655737705,0.4426229508196721,0.08524590163934426,False,0,0,0,0,1,True,0,True,0,0,0,0,0,0,0,0,0,4,False,False,True,False,False,17,False,False,False,False,WBGene00000099,C_elegans,6239,other lethal,0
O02161,425,49398,0.3764705882352941,0.34823529411764703,0.07294117647058823,0.23058823529411765,0.43529411764705883,0.04470588235294118,False,0,0,0,0,0,False,0,True,0,0,0,0,0,0,0,0,0,1,True,False,False,True,False,9,False,False,False,False,WBGene00020383,C_elegans,6239,other lethal,0
O02051,202,22999,0.5247524752475248,0.16336633663366337,0.16831683168316833,0.2376237623762376,0.3910891089108911,0.07425742574257425,False,0,0,0,0,0,False,0,True,0,0,0,0,0,0,0,0,0,2,True,False,True,False,False,6,False,False,False,False,WBGene00022591,C_elegans,6239,other lethal,0
Q19727,775,90950,0.28,0.4645161290322581,0.05161290322580645,0.20129032258064516,0.5264516129032258,0.05419354838709677,False,0,0,0,0,1,True,0,True,0,0,0,0,0,0,0,0,0,2,False,True,False,False,False,18,False,False,False,False,WBGene00004186,C_elegans,6239,other lethal,0
Q65XX4,278,30785,0.33093525179856115,0.2733812949640288,0.03237410071942446,0.33093525179856115,0.5215827338129496,0.06474820143884892,False,0,0,0,0,0,False,0,True,0,0,0,0,0,0,0,0,0,0,False,False,False,False,False,3,False,False,False,False,WBGene00004978,C_elegans,6239,other lethal,0
Q9N3T6,468,52914,0.344017094017094,0.3076923076923077,0.07051282051282051,0.2692307692307692,0.43803418803418803,0.07905982905982906,False,0,0,0,0,0,False,0,True,0,0,0,0,0,0,0,0,0,0,False,False,False,False,False,5,False,False,False,False,WBGene00004978,C_elegans,6239,other lethal,0
Q9N3T5,782,87469,0.40025575447570333,0.289002557544757,0.0907928388746803,0.21739130434782608,0.5038363171355499,0.09335038363171355,False,0,0,0,0,1,True,0,True,0,0,0,0,0,0,0,0,0,1,True,False,False,True,False,13,False,False,False,False,WBGene00004978,C_elegans,6239,other lethal,0
P27604,437,47536,0.43707093821510296,0.23569794050343248,0.07322654462242563,0.2288329519450801,0.4439359267734554,0.09839816933638444,False,0,0,0,0,1,True,0,True,0,0,0,0,0,0,0,0,0,0,False,False,False,False,False,4,False,False,False,False,WBGene00019322,C_elegans,6239,other lethal,0
P91350,1522,171564,0.4132720105124836,0.2779237844940867,0.0900131406044678,0.24704336399474375,0.4894875164257556,0.06176084099868594,False,0,0,0,0,0,False,0,True,0,0,0,0,0,0,0,0,0,1,False,True,False,False,False,4,False,False,False,False,WBGene00003792,C_elegans,6239,other lethal,0
G5EFF1,445,47789,0.4314606741573034,0.21123595505617979,0.051685393258426963,0.27640449438202247,0.5910112359550562,0.08089887640449438,False,0,0,0,0,0,False,0,True,0,0,0,0,0,0,0,0,0,1,False,True,False,False,False,6,False,False,False,False,WBGene00006423,C_elegans,6239,other lethal,0
Q9N5K2,211,24348,0.44075829383886256,0.3033175355450237,0.07109004739336493,0.20853080568720378,0.4881516587677725,0.04739336492890995,False,0,0,0,0,0,False,0,True,0,0,0,0,0,0,0,0,0,1,False,True,False,False,False,4,False,False,False,False,WBGene00019246,C_elegans,6239,other lethal,0
Q86B36,496,56183,0.40725806451612906,0.26411290322580644,0.1028225806451613,0.26411290322580644,0.4576612903225806,0.06451612903225806,False,0,0,0,0,1,True,0,True,0,0,0,0,0,0,0,0,0,1,False,False,True,False,False,10,False,False,False,False,WBGene00001497,C_elegans,6239,other lethal,0
P41828,588,65332,0.39285714285714285,0.23299319727891157,0.07312925170068027,0.28061224489795916,0.5,0.0935374149659864,False,0,0,0,0,0,False,0,True,0,0,0,0,0,0,0,0,0,1,False,True,False,False,False,11,False,False,False,False,WBGene00003622,C_elegans,6239,other lethal,0
H2KYM2,638,69931,0.40282131661442006,0.27586206896551724,0.05799373040752351,0.26332288401253917,0.5109717868338558,0.05799373040752351,False,0,0,0,0,0,False,0,True,0,0,0,0,0,0,0,0,0,1,False,False,True,False,False,5,False,False,False,False,WBGene00006805,C_elegans,6239,other lethal,0
O01789,1262,144217,0.3573692551505547,0.3549920760697306,0.05467511885895404,0.23692551505546752,0.5007923930269413,0.05071315372424723,False,0,0,0,0,0,False,0,True,0,0,0,0,0,0,0,0,0,2,False,True,False,False,False,10,False,False,False,False,WBGene00001860,C_elegans,6239,other lethal,0
P91093,393,43003,0.43256997455470736,0.2366412213740458,0.05343511450381679,0.26463104325699743,0.48854961832061067,0.06615776081424936,False,0,0,0,0,1,True,0,True,0,0,0,0,0,0,0,0,0,1,False,False,False,True,False,8,False,False,False,False,WBGene00000761,C_elegans,6239,other lethal,0
P91344,161,18474,0.37267080745341613,0.3416149068322981,0.055900621118012424,0.2236024844720497,0.5341614906832298,0.062111801242236024,False,0,0,0,0,0,False,0,True,0,0,0,0,0,0,0,0,0,2,True,False,False,True,False,9,False,False,False,False,WBGene00018893,C_elegans,6239,other lethal,0
P91343,439,49002,0.3917995444191344,0.3052391799544419,0.07061503416856492,0.22323462414578588,0.4601366742596811,0.07972665148063782,False,0,0,0,0,0,False,0,True,0,0,0,0,0,0,0,0,0,2,False,True,False,False,False,6,False,False,False,False,WBGene00018893,C_elegans,6239,other lethal,0
O01634,408,47091,0.4681372549019608,0.17892156862745098,0.15196078431372548,0.2818627450980392,0.38480392156862747,0.07107843137254902,False,0,0,0,0,0,False,0,True,0,0,0,0,0,0,0,0,0,2,True,False,False,False,False,11,False,False,False,False,WBGene00002134,C_elegans,6239,other lethal,0
Q966M6,500,56682,0.384,0.29,0.098,0.238,0.502,0.088,False,0,0,0,0,1,True,0,True,0,0,0,0,0,0,0,0,0,1,False,True,False,False,False,8,False,False,False,False,WBGene00000937,C_elegans,6239,other lethal,0
A4V4W1,90,10848,0.4,0.36666666666666664,0.07777777777777778,0.2,0.4,0.03333333333333333,False,0,0,0,0,0,False,0,True,0,0,0,0,0,0,0,0,0,0,False,False,False,False,False,2,False,False,False,False,WBGene00044898,C_elegans,6239,other lethal,0
G5EC36,452,50486,0.3495575221238938,0.25,0.07079646017699115,0.29867256637168144,0.5,0.10176991150442478,False,0,0,0,0,0,False,0,True,0,0,0,0,0,0,0,0,0,1,False,True,False,False,False,10,False,False,False,False,WBGene00002989,C_elegans,6239,other lethal,0
G5ED39,1262,144121,0.4152139461172742,0.27416798732171155,0.08557844690966719,0.25118858954041207,0.4683042789223455,0.059429477020602216,False,0,0,0,0,1,True,0,True,0,0,0,0,0,0,0,0,0,8,False,False,True,False,False,13,False,False,False,False,WBGene00004775,C_elegans,6239,other lethal,0
P91278,362,39981,0.35911602209944754,0.24033149171270718,0.11602209944751381,0.31215469613259667,0.5414364640883977,0.08839779005524862,False,0,0,0,0,0,False,0,True,0,0,0,0,0,0,0,0,0,1,False,True,False,False,False,7,False,False,False,False,WBGene00002601,C_elegans,6239,other lethal,0
Q9N593,788,88511,0.37182741116751267,0.282994923857868,0.06091370558375635,0.29441624365482233,0.5304568527918782,0.050761421319796954,False,0,0,0,0,0,False,0,True,0,0,0,0,0,0,0,0,0,1,False,True,False,False,False,11,False,False,False,False,WBGene00003132,C_elegans,6239,other lethal,0
O01960,453,51526,0.3598233995584989,0.3200883002207506,0.0640176600441501,0.23841059602649006,0.4746136865342163,0.08167770419426049,False,0,0,0,0,0,False,0,True,0,0,0,0,0,0,0,0,0,0,False,False,False,False,False,4,False,False,False,False,WBGene00006492,C_elegans,6239,other lethal,0
Q95XM9,739,82477,0.38430311231393777,0.3342354533152909,0.03924221921515562,0.2165087956698241,0.5290933694181326,0.06495263870094722,False,0,0,0,0,1,True,0,True,0,0,0,0,0,0,0,0,0,1,False,True,False,False,False,8,False,False,False,False,WBGene00022148,C_elegans,6239,other lethal,0
O01483,1884,213727,0.4315286624203822,0.2643312101910828,0.08227176220806794,0.24787685774946921,0.4453290870488323,0.05626326963906582,False,0,0,0,0,0,False,0,True,0,0,0,0,0,0,0,0,0,0,False,False,False,False,False,2,False,False,False,False,WBGene00015499,C_elegans,6239,other lethal,0
Q86NC2,268,30803,0.417910447761194,0.27238805970149255,0.11940298507462686,0.2574626865671642,0.47388059701492535,0.05223880597014925,False,0,0,0,0,0,False,0,True,0,0,0,0,0,0,0,0,0,1,False,False,False,True,False,6,False,False,False,False,WBGene00020417,C_elegans,6239,other lethal,0
O01598,856,96516,0.4053738317757009,0.2838785046728972,0.0630841121495327,0.25,0.4532710280373832,0.06074766355140187,False,0,0,0,0,1,True,0,True,0,0,0,0,0,0,0,0,0,0,False,False,False,False,False,7,False,False,False,False,WBGene00020263,C_elegans,6239,other lethal,0
O44548,877,101203,0.3124287343215507,0.3717217787913341,0.055872291904218926,0.2645381984036488,0.5917901938426454,0.05131128848346636,False,0,0,0,0,0,False,0,True,0,0,0,0,0,0,0,0,0,3,False,True,False,False,False,12,False,False,False,False,WBGene00019432,C_elegans,6239,other lethal,0
P51559,942,103015,0.37048832271762205,0.2484076433121019,0.07855626326963906,0.2515923566878981,0.505307855626327,0.12951167728237792,False,0,0,0,0,1,True,0,True,0,0,0,0,0,0,0,0,0,1,True,False,False,False,False,16,False,False,False,False,WBGene00000254,C_elegans,6239,other lethal,0
G5EGN3,367,40773,0.3405994550408719,0.2779291553133515,0.04087193460490463,0.31607629427792916,0.5749318801089919,0.0653950953678474,False,0,0,0,0,0,False,0,True,0,0,0,0,0,0,0,0,0,1,False,True,False,False,False,7,False,False,False,False,WBGene00001186,C_elegans,6239,other lethal,0
G5EGF4,376,41754,0.3537234042553192,0.24468085106382978,0.03723404255319149,0.3537234042553192,0.5664893617021277,0.047872340425531915,False,0,0,0,0,0,False,0,True,0,0,0,0,0,0,0,0,0,1,False,True,False,False,False,8,False,False,False,False,WBGene00001186,C_elegans,6239,other lethal,0
P30628,905,103401,0.4453038674033149,0.24640883977900552,0.11602209944751381,0.2287292817679558,0.450828729281768,0.07955801104972375,False,0,0,0,0,0,False,0,True,0,0,0,0,0,0,0,0,0,1,True,False,False,False,False,8,False,False,False,False,WBGene00006768,C_elegans,6239,other lethal,0
Q19305,819,92419,0.33455433455433453,0.27472527472527475,0.08791208791208792,0.26495726495726496,0.4713064713064713,0.12576312576312576,False,0,0,0,0,0,False,0,True,0,0,0,0,0,0,0,0,0,1,False,False,False,False,True,8,False,False,False,False,WBGene00006893,C_elegans,6239,other lethal,0
O61907,1022,113619,0.3953033268101761,0.2896281800391389,0.06262230919765166,0.25146771037182,0.5322896281800391,0.06360078277886497,False,0,0,0,0,0,False,0,True,0,0,0,0,0,0,0,0,0,1,False,True,False,False,False,11,False,False,False,False,WBGene00001194,C_elegans,6239,other lethal,0
Q09228,1129,128359,0.34720992028343667,0.2993799822852081,0.046058458813108945,0.2976085031000886,0.5739592559787422,0.05580159433126661,False,0,0,0,0,0,False,0,True,0,0,0,0,0,0,0,0,0,1,False,True,False,False,False,11,False,False,False,False,WBGene00001194,C_elegans,6239,other lethal,0
G5EGL5,491,57332,0.4175152749490835,0.2668024439918534,0.1079429735234216,0.26272912423625255,0.3604887983706721,0.05295315682281059,False,0,0,0,0,0,False,0,True,0,0,0,0,0,0,0,0,0,0,False,False,False,False,False,2,False,False,False,False,WBGene00004010,C_elegans,6239,other lethal,0
P34807,440,49834,0.3477272727272727,0.225,0.08181818181818182,0.36363636363636365,0.46136363636363636,0.06363636363636363,False,0,0,0,0,0,False,0,True,0,0,0,0,0,0,0,0,0,0,False,False,False,False,False,5,False,False,False,False,WBGene00001079,C_elegans,6239,other lethal,0
Q18120,461,52746,0.43383947939262474,0.26247288503253796,0.09978308026030369,0.2386117136659436,0.4164859002169197,0.0650759219088937,False,0,0,0,0,0,False,0,True,0,0,0,0,0,0,0,0,0,1,True,False,False,False,False,11,False,False,False,False,WBGene00006672,C_elegans,6239,other lethal,0
Q27249,256,29632,0.33203125,0.46875,0.015625,0.18359375,0.6171875,0.015625,False,0,0,0,0,0,False,0,True,0,0,0,0,0,0,0,0,0,1,False,False,True,False,False,6,False,False,False,False,WBGene00002978,C_elegans,6239,other lethal,0
Q9GRZ3,1641,181928,0.4247410115783059,0.2961608775137112,0.04753199268738574,0.23461304082876294,0.5898842169408897,0.044485070079219986,False,0,0,0,0,1,True,0,True,0,0,0,0,0,0,0,0,0,2,False,True,False,False,False,11,False,False,False,False,WBGene00001080,C_elegans,6239,other lethal,0
G5EEB6,322,31849,0.33540372670807456,0.18944099378881987,0.037267080745341616,0.2080745341614907,0.6739130434782609,0.2670807453416149,False,0,0,0,0,0,False,0,True,0,0,0,0,0,0,0,0,0,0,False,False,False,False,False,8,False,False,False,False,WBGene00001075,C_elegans,6239,other lethal,0
P08124,301,29177,0.4684385382059801,0.15946843853820597,0.04318936877076412,0.14285714285714285,0.707641196013289,0.2292358803986711,False,0,0,0,0,0,False,0,True,0,0,0,0,0,0,0,0,0,2,False,False,False,False,True,7,False,False,False,False,WBGene00005018,C_elegans,6239,other lethal,0
O02482,612,65617,0.3937908496732026,0.23202614379084968,0.06535947712418301,0.2647058823529412,0.5245098039215687,0.10947712418300654,False,0,0,0,0,0,False,0,True,0,0,0,0,0,0,0,0,0,1,False,True,False,False,False,7,False,False,False,False,WBGene00006773,C_elegans,6239,other lethal,0
Q565A2,513,57786,0.3820662768031189,0.253411306042885,0.04678362573099415,0.29434697855750486,0.5497076023391813,0.07017543859649122,False,0,0,0,0,0,False,0,True,0,0,0,0,0,0,0,0,0,1,False,True,False,False,False,8,False,False,False,False,WBGene00007042,C_elegans,6239,other lethal,0
O62090,586,66002,0.3378839590443686,0.3174061433447099,0.06825938566552901,0.2832764505119454,0.5341296928327645,0.06143344709897611,False,0,0,0,0,0,False,0,True,0,0,0,0,0,0,0,0,0,3,True,True,True,False,False,7,False,False,False,False,WBGene00004202,C_elegans,6239,other lethal,0
Q09363,356,41089,0.44662921348314605,0.26685393258426965,0.10393258426966293,0.23595505617977527,0.4353932584269663,0.05056179775280899,False,0,0,0,0,1,True,0,True,0,0,0,0,0,0,0,0,0,1,True,False,False,False,False,10,False,False,False,False,WBGene00005026,C_elegans,6239,other lethal,0
Q07292,813,90407,0.41205412054120544,0.23862238622386223,0.06642066420664207,0.27921279212792127,0.5104551045510455,0.07011070110701106,False,0,0,0,0,1,True,0,True,0,0,0,0,0,0,0,0,0,0,False,False,False,False,False,14,False,False,False,False,WBGene00003030,C_elegans,6239,other lethal,0
Q8T3G5,303,35808,0.41914191419141916,0.3102310231023102,0.12211221122112212,0.23102310231023102,0.4521452145214521,0.039603960396039604,False,0,0,0,0,0,False,0,True,0,0,0,0,0,0,0,0,0,0,False,False,False,False,False,7,False,False,False,False,WBGene00001196,C_elegans,6239,other lethal,0
A0A0K3AWM6,570,63198,0.48947368421052634,0.16666666666666666,0.10877192982456141,0.24385964912280703,0.39824561403508774,0.1,False,0,0,0,0,0,False,0,True,0,0,0,0,0,0,0,0,0,2,True,False,False,False,False,13,False,False,False,False,WBGene00001648,C_elegans,6239,other lethal,0
P51875,354,40451,0.3813559322033898,0.2937853107344633,0.096045197740113,0.2514124293785311,0.4406779661016949,0.07344632768361582,False,0,0,0,0,0,False,0,True,0,0,0,0,0,0,0,0,0,0,False,False,False,False,False,14,False,False,False,False,WBGene00001648,C_elegans,6239,other lethal,0
P13508,1295,144079,0.3312741312741313,0.2633204633204633,0.07722007722007722,0.24864864864864866,0.4810810810810811,0.15675675675675677,False,0,0,0,0,0,False,0,True,0,0,0,0,0,0,0,0,0,1,True,True,False,False,False,19,False,False,False,False,WBGene00003001,C_elegans,6239,other lethal,0
P14585,1429,157116,0.317704688593422,0.2596221133659902,0.06648005598320504,0.2547235829251225,0.48705388383484954,0.16794961511546536,False,0,0,0,0,0,False,0,True,0,0,0,0,0,0,0,0,0,1,True,True,False,False,False,19,False,False,False,False,WBGene00003001,C_elegans,6239,other lethal,0
Q21302,241,28903,0.29045643153526973,0.44398340248962653,0.07883817427385892,0.17842323651452283,0.4896265560165975,0.08713692946058091,False,0,0,0,0,0,False,0,True,0,0,0,0,0,0,0,0,0,1,False,True,False,False,False,9,False,False,False,False,WBGene00006963,C_elegans,6239,other lethal,0
O44406,582,67214,0.38144329896907214,0.34192439862542956,0.07731958762886598,0.23883161512027493,0.506872852233677,0.037800687285223365,False,0,0,0,0,1,True,0,True,0,0,0,0,0,0,0,0,0,1,False,False,True,False,False,8,False,False,False,False,WBGene00000431,C_elegans,6239,other lethal,0
P20268,380,42575,0.4052631578947368,0.21578947368421053,0.07894736842105263,0.32105263157894737,0.5210526315789473,0.05789473684210526,False,0,0,0,0,0,False,0,True,0,0,0,0,0,0,0,0,0,1,False,True,False,False,False,6,False,False,False,False,WBGene00000431,C_elegans,6239,other lethal,0
Q21281,2104,230054,0.3127376425855513,0.2804182509505703,0.060361216730038025,0.2461977186311787,0.5095057034220533,0.16064638783269963,False,0,0,0,0,0,False,0,True,0,0,0,0,0,0,0,0,0,3,True,False,True,False,False,17,False,False,False,False,WBGene00003497,C_elegans,6239,other lethal,0
